datestamp,title,subtitle,creator,year,type,language,isbn,subjects,cover_url,opac_url
2026-08-23,Das Orchester zieht sich an,,"Kuskin, Karla",2002,Buch,ger,3446201858,Orchestermusiker; Ankleiden; Bilderbuch,https://covers.openlibrary.org/b/isbn/3446201858-M.jpg,https://ssl.muenchen.de/aDISWeb/app/opac?sp=SAK03158309
2026-08-23,Kraft durch Freude,,,1934,Buch,ger,,,,https://ssl.muenchen.de/aDISWeb/app/opac?sp=SAK04234183
2026-08-23,Wie war das?,,"Tallec, Olivier",2017,Buch,ger,9783836959605,,https://cover.ekz.de/9783836959605.jpg,https://ssl.muenchen.de/aDISWeb/app/opac?sp=SAK04146129
2026-08-23,Die Frau mit den grünen Augen,ein Tibet-Krimi,"Pattison, Eliot",2018,Buch,ger,9783746634173,,https://cover.ekz.de/9783746634173.jpg,https://ssl.muenchen.de/aDISWeb/app/opac?sp=SAK04227999
2026-08-23,Mini,,,,Druckschrift,,,,,https://ssl.muenchen.de/aDISWeb/app/opac?sp=SAK03718445
2026-08-23,Ritter Rost und das Haustier,Musical für Kinder ; mit Musik-CD und Noten,"Hilbert, Jörg",2013,Buch,ger,9783551271020,,https://cover.ekz.de/9783551271020.jpg,https://ssl.muenchen.de/aDISWeb/app/opac?sp=SAK03850073
2026-08-23,Dschungel,entdecken - suchen - finden ; mit großen Pop-up-Welten,"Sixt, Eva",2013,Buch,ger,9783831022748,Dschungel; Tiere; Dschungel,https://cover.ekz.de/9783831022748.jpg,https://ssl.muenchen.de/aDISWeb/app/opac?sp=SAK03858679
2026-08-23,Altenpflege,Vorsprung durch Wissen,,,Buch,ger,,Altenpflege,,https://ssl.muenchen.de/aDISWeb/app/opac?sp=SAK00083243
2026-08-23,Regenwald,Grüner Schatz der Erde,"Werdes, Alexandra",2013,Buch,ger,9783788620431,Tropischer Regenwald; Pflanzen; Tropischer Regenwald; Tiere,https://cover.ekz.de/9783788620431.jpg,https://ssl.muenchen.de/aDISWeb/app/opac?sp=SAK03907400
2026-08-23,Knochensalat - Welches Tier verbirgt sich hier?,,"Takeuchi, Chihiro",2021,Buch,ger,9783414826220,,https://cover.ekz.de/9783414826220.jpg,https://ssl.muenchen.de/aDISWeb/app/opac?sp=SAK04352619
2026-08-23,"Komm mit raus, Entdeckermaus",ein Bilderbuch über die Wunder der Natur,"Vostradovská, Tereza",2019,Buch,ger,9783570176177,Natur,https://cover.ekz.de/9783570176177.jpg,https://ssl.muenchen.de/aDISWeb/app/opac?sp=SAK04257353
2026-08-23,Buddy und Carl,,"Fergus, Maureen",2017,Buch,ger,9783957280305,,https://cover.ekz.de/9783957280305.jpg,https://ssl.muenchen.de/aDISWeb/app/opac?sp=SAK04159533
2026-08-23,Artemis Fowl,Roman,"Colfer, Eoin",2020,Buch,ger,9783548603209,,https://cover.ekz.de/9783548603209.jpg,https://ssl.muenchen.de/aDISWeb/app/opac?sp=SAK04486757
2026-08-23,Jedes Jahr im Juni,Roman,"Louis, Lia",2021,Buch,ger,9783328106241,,https://cover.ekz.de/9783328106241.jpg,https://ssl.muenchen.de/aDISWeb/app/opac?sp=SAK04342545
2026-08-23,Stillwater - Gegen jeden Verdacht,"Blu-Ray : die letzte Hoffnung einer Tochter, die einzige Chance eines Vaters","Danna, Mychael",2022,Blu-ray Disc,ger,,,,https://ssl.muenchen.de/aDISWeb/app/opac?sp=SAK04372954
2026-08-23,Greifvögel,,"Parry-Jones, Jemima",2016,Buch,ger,9783831030705,Greifvögel,https://cover.ekz.de/9783831030705.jpg,https://ssl.muenchen.de/aDISWeb/app/opac?sp=SAK04105496
2026-08-23,Eric Carles Quatsch-Parade,"witzig, seltsam, wunderbar","Carle, Eric",2016,Buch,ger,9783836958936,Unsinn,https://cover.ekz.de/9783836958936.jpg,https://ssl.muenchen.de/aDISWeb/app/opac?sp=SAK04093093
2026-08-23,Rita und Kroko suchen Kastanien,,"Melchior, Siri",2015,Buch,ger,9783407820891,,https://cover.ekz.de/9783407820891.jpg,https://ssl.muenchen.de/aDISWeb/app/opac?sp=SAK04058573
2026-08-23,Rita & Kroko gehen angeln,,"Melchior, Siri",2016,Buch,ger,9783407821164,Mädchen; Krokodil; Angeln,https://cover.ekz.de/9783407821164.jpg,https://ssl.muenchen.de/aDISWeb/app/opac?sp=SAK04093051
2026-08-23,Wenn die Nacht zum Tag wird,Tiere in ihren Lebensräumen ; [mit vielen Folienseiten],"Wauters, Julia",2013,Buch,ger,9783836957373,Tiere; Lebensraum; Tiere; Lebensraum,https://cover.ekz.de/9783836957373.jpg,https://ssl.muenchen.de/aDISWeb/app/opac?sp=SAK03911026
2026-08-23,All fours,,"July, Miranda",2024,Buch,eng,9780593719695,,https://cover.ekz.de/9780593719695.jpg,https://ssl.muenchen.de/aDISWeb/app/opac?sp=SAK04594583
2026-08-23,II 1/2. bis III 1/2. Lage, = from II 1/2 to III 1/2 position,"Breuer, Paul",1990,Noten,,,Schule <Musik>,,https://ssl.muenchen.de/aDISWeb/app/opac?sp=SAK00017938
2026-08-23,Wenn die Nacht erwacht,,"Greig, Louise",2017,Buch,ger,9783836959582,,https://cover.ekz.de/9783836959582.jpg,https://ssl.muenchen.de/aDISWeb/app/opac?sp=SAK04163750
2026-08-23,"Komm, wir gehen an den Strand!",,"Glökler, Angela",2012,Buch,ger,9783788619114,Strand; Meer; Strand,https://cover.ekz.de/9783788619114.jpg,https://ssl.muenchen.de/aDISWeb/app/opac?sp=SAK03802003
2026-08-23,Regenwald,,"Dann, Geoff",2011,Buch,ger,9783831018994,Regenwald,https://cover.ekz.de/9783831018994.jpg,https://ssl.muenchen.de/aDISWeb/app/opac?sp=SAK03764495
2026-08-23,Piratenlotti,,"Teich, Karsten",2017,Buch,ger,9783848910120,,https://cover.ekz.de/9783848910120.jpg,https://ssl.muenchen.de/aDISWeb/app/opac?sp=SAK04155050
2026-08-23,Tiere im Garten,,"Müller, Thomas",2019,Buch,ger,9783836956703,Garten; Tiere,https://cover.ekz.de/9783836956703.jpg,https://ssl.muenchen.de/aDISWeb/app/opac?sp=SAK04254811
2026-08-23,Die Natur,eine Entdeckungsreise durch das Jahr ; ein Buch,"Mettler, René",2011,Buch,ger,9783760769479,Pflanzen; Tiere; Jahreslauf,https://cover.ekz.de/9783760769479.jpg,https://ssl.muenchen.de/aDISWeb/app/opac?sp=SAK03739035
2026-08-23,Trauma – kein Entkommen,ungekürzte Lesung,"Wortberg, Christoph",2020,MP3,ger,9783742418357,,https://cover.ekz.de/9783742418357.jpg,https://ssl.muenchen.de/aDISWeb/app/opac?sp=SAK04343681
2026-08-23,"Rotkäppchen, wie geht es dir?",,"Gliemann, Claudia",2020,Buch,ger,9783942640121,,https://cover.ekz.de/9783942640121.jpg,https://ssl.muenchen.de/aDISWeb/app/opac?sp=SAK04335562
2026-08-23,Vulkane,"Feuer, Lava, Aschewolken",,2018,Buch,ger,9783831034062,Vulkan,https://cover.ekz.de/9783831034062.jpg,https://ssl.muenchen.de/aDISWeb/app/opac?sp=SAK04197300
2026-08-23,Hallo Boss!,,"Chatterton, Chris",2021,Buch,ger,9783734820861,,https://cover.ekz.de/9783734820861.jpg,https://ssl.muenchen.de/aDISWeb/app/opac?sp=SAK04337717
2026-08-23,Erdbeerglück für Möhrenzwerge,[Gärtnern und Kochen mit Kindern],"Grant, Amanda",2011,Buch,ger,9783799535700,Garten,https://cover.ekz.de/9783799535700.jpg,https://ssl.muenchen.de/aDISWeb/app/opac?sp=SAK03762672
2026-08-23,,,"Fuchs, Erika",2000,Buch,ger,3770419464,,https://covers.openlibrary.org/b/isbn/3770419464-M.jpg,https://ssl.muenchen.de/aDISWeb/app/opac?sp=SAK00248299
2026-08-23,Tiere und Pflanzen in der Stadt,Entdecken und erforschen,"Tinz, Sigrid",2015,Buch,ger,9783800183562,Stadt; Pflanzen; Tiere,https://cover.ekz.de/9783800183562.jpg,https://ssl.muenchen.de/aDISWeb/app/opac?sp=SAK04017686
2026-08-23,Manchmal ist da einer,,"Krejtschi, Tobias",2022,Buch,ger,9783845852690,,https://cover.ekz.de/9783845852690.jpg,https://ssl.muenchen.de/aDISWeb/app/opac?sp=SAK04532878
2026-08-23,Der fliegende Hut,,"Berner, Rotraut Susanne",2017,Buch,ger,9783848901241,Hut,https://cover.ekz.de/9783848901241.jpg,https://ssl.muenchen.de/aDISWeb/app/opac?sp=SAK04148650
2026-08-23,Tiere in der Stadt,,"Müller, Thomas",2018,Buch,ger,9783836956109,Stadt; Tiere,https://cover.ekz.de/9783836956109.jpg,https://ssl.muenchen.de/aDISWeb/app/opac?sp=SAK04221757
2026-08-23,Oberbayerischer Schulanzeiger,amtliche Bekanntmachungen der Regierung von Oberbayern,,2003,Buch,ger,,,,https://ssl.muenchen.de/aDISWeb/app/opac?sp=SAK03253074
2026-08-23,The beginner's goodbye,,"Tyler, Anne",2013,Buch,eng,9780099582045,,https://cover.ekz.de/9780099582045.jpg,https://ssl.muenchen.de/aDISWeb/app/opac?sp=SAK03862535
2026-08-23,IMOS-Journal,das Journal für Sammler,,1975,Buch,ger,,Motivphilatelie; Sport; Motivphilatelie,,https://ssl.muenchen.de/aDISWeb/app/opac?sp=SAK00034287
2026-08-23,Onno & Ontje - Der größte Freund auf der Welt,,"Springer, Thomas",2018,Buch,ger,9783649626701,,https://cover.ekz.de/9783649626701.jpg,https://ssl.muenchen.de/aDISWeb/app/opac?sp=SAK04202978
2026-08-23,Im Garten,[mit buntem Gartenkalender zum Herausnehmen!],"Döring, Hans-Günther",2005,Buch,ger,3401057561,Garten; Jahreslauf; Garten,,https://ssl.muenchen.de/aDISWeb/app/opac?sp=SAK03258804
2026-08-23,Strafprozessordnung,"Gerichtsverfassungsgesetz, Nebengesetze und ergänzende Bestimmungen","Schmitt, Bertram",2026,Buch,ger,9783406838446,,https://cover.ekz.de/9783406838446.jpg,https://ssl.muenchen.de/aDISWeb/app/opac?sp=SAK04670555
2026-08-23,Sachgeschichten für Erstleser,,,,Druckschrift,,,,,https://ssl.muenchen.de/aDISWeb/app/opac?sp=SAK03258796
2026-08-23,Beck'sche Kurz-Kommentare,,,,Druckschrift,ger,,,,https://ssl.muenchen.de/aDISWeb/app/opac?sp=SAK00007683
2026-08-23,Ritter Rost im Fabelwesenwald,Ein herbstliches Musical- und Mitmachbuch (mit CD),"Hilbert, Jörg",2014,Medienkombination,ger,9783551271174,,https://cover.ekz.de/9783551271174.jpg,https://ssl.muenchen.de/aDISWeb/app/opac?sp=SAK03960393
2026-08-23,Die Wildnis vor deiner Haustür,Entdecke 170 heimische Tiere!,"Dilger, Mike",2017,Buch,ger,9783785588802,Tiere,https://cover.ekz.de/9783785588802.jpg,https://ssl.muenchen.de/aDISWeb/app/opac?sp=SAK04158903
2026-08-23,Wildes Leben in der Stadt,,"Sokolowski, Ilka",2015,Buch,ger,9783836957793,Stadt; Tiere,https://cover.ekz.de/9783836957793.jpg,https://ssl.muenchen.de/aDISWeb/app/opac?sp=SAK04018211
2026-08-23,Oma und die 99 Schmetterlinge,,"Marshall, Anna",2012,Buch,ger,9783401098906,Großmutter; Enkelin; Vergangenheit; Erzählen,https://cover.ekz.de/9783401098906.jpg,https://ssl.muenchen.de/aDISWeb/app/opac?sp=SAK03791069
2026-08-23,Tschudi,Roman,"Kühsel-Hussaini, Mariam",2020,Buch,ger,9783498001377,,https://cover.ekz.de/9783498001377.jpg,https://ssl.muenchen.de/aDISWeb/app/opac?sp=SAK04306062
2026-08-23,Münchner illustrierte Presse,,,1923,Buch,ger,,,,https://ssl.muenchen.de/aDISWeb/app/opac?sp=SAK04273421
2026-08-23,AAA-UUU! - Hab keine Angst im Dunkeln,,"Lambert, Jonny",2017,Buch,ger,9783869142210,,https://cover.ekz.de/9783869142210.jpg,https://ssl.muenchen.de/aDISWeb/app/opac?sp=SAK04185139
2026-08-23,Zeit für mich und Zeit für dich,Roman,"Volo, Fabio",2013,Buch,ger,9783257300161,,https://cover.ekz.de/9783257300161.jpg,https://ssl.muenchen.de/aDISWeb/app/opac?sp=SAK03850591
2026-08-23,"Auf Wiedersehen, kleiner Vogel!",Eine Geschichte über das Abschiednehmen und den Tod,"Bach, Maja",2015,Buch,ger,9783649621027,,https://cover.ekz.de/9783649621027.jpg,https://ssl.muenchen.de/aDISWeb/app/opac?sp=SAK04074048
2026-08-23,Große Tiere - kleine Tiere,"unterwegs in Wald, Wiese und am Teich","Müller, Thomas",2013,Buch,ger,9783401703091,Wiese; Tiere; Waldtiere,https://cover.ekz.de/9783401703091.jpg,https://ssl.muenchen.de/aDISWeb/app/opac?sp=SAK03855982
2026-08-23,Die Tiere Afrikas,,"Heller, Barbara",2017,Buch,ger,9783737371872,Tiere,https://cover.ekz.de/9783737371872.jpg,https://ssl.muenchen.de/aDISWeb/app/opac?sp=SAK04138071
2026-08-23,Gran Canaria - mit dem Camino de Santiago,85 Touren auf der Insel des ewigen Frühlings - die schönsten Küsten- und Bergwanderungen,"Gawin, Izabella",2025,Buch,ger,9783763314768,Wandern,https://cover.ekz.de/9783763314768.jpg,https://ssl.muenchen.de/aDISWeb/app/opac?sp=SAK04643153
2026-08-23,Natur in 3D,,,,Buch,,,,,https://ssl.muenchen.de/aDISWeb/app/opac?sp=SAK03895512
2026-08-23,Wolfi ist hungrrrig!,,"Harkness, Andy",2021,Buch,ger,9783570177303,,https://cover.ekz.de/9783570177303.jpg,https://ssl.muenchen.de/aDISWeb/app/opac?sp=SAK04368144
2026-08-23,Verrückte Erde,,"Jerram, Dougal",2017,Buch,ger,9783831033430,Erde,https://cover.ekz.de/9783831033430.jpg,https://ssl.muenchen.de/aDISWeb/app/opac?sp=SAK04179491
2026-08-23,Ponyhof Sternenhügel - Ferienglück auf vier Hufen,,"Niemelä, Reetta",2017,Buch,ger,9783414824745,Pony; Reiterhof,https://cover.ekz.de/9783414824745.jpg,https://ssl.muenchen.de/aDISWeb/app/opac?sp=SAK04161821
2026-08-23,"Ohne dich, das geht doch nicht!",,"Prasadam-Halls, Smriti",2020,Buch,ger,9783789114717,,https://cover.ekz.de/9783789114717.jpg,https://ssl.muenchen.de/aDISWeb/app/opac?sp=SAK04302039
2026-08-23,Tiere & Natur entdecken,[Naturführer für kleine Forscher],,2015,Buch,ger,9783869414843,Pflanzen; Tiere,https://cover.ekz.de/9783869414843.jpg,https://ssl.muenchen.de/aDISWeb/app/opac?sp=SAK04020255
